cruise,cast,niskin,station,data_check,sd_5_total,CV_5_tot,sd_20_total,CV_20_tot,size,mean_npp,depth_category,sd_npp,depth,depth_grp,latitude,longitude,temp_check,temp
AT46,1,4,L1,A,NA,NA,NA,NA,total,17.851,D1,NA,17.843,"(16.5,18]",41.19684,-70.883,Good,4.05264
AT46,1,4,L1,A,NA,NA,NA,NA,less20,6.556,D1,NA,17.843,"(16.5,18]",41.19684,-70.883,Good,4.05264
AT46,1,4,L1,A,NA,NA,NA,NA,less5,1.793,D1,NA,17.843,"(16.5,18]",41.19684,-70.883,Good,4.05264
AT46,1,4,L1,A,NA,NA,NA,NA,between520,4.763,NA,NA,17.843,"(16.5,18]",41.19684,-70.883,Good,4.05264
AT46,1,4,L1,A,NA,NA,NA,NA,greater20,11.295,NA,NA,17.843,"(16.5,18]",41.19684,-70.883,Good,4.05264
AT46,1,9,L1,A,NA,NA,NA,NA,total,59.853,D2,NA,9.782,"(7.5,9]",41.19666,-70.88284,Good,4.041816667
AT46,1,9,L1,A,NA,NA,NA,NA,less20,23.92,D2,NA,9.782,"(7.5,9]",41.19666,-70.88284,Good,4.041816667
AT46,1,9,L1,A,NA,NA,NA,NA,less5,7.211,D2,NA,9.782,"(7.5,9]",41.19666,-70.88284,Good,4.041816667
AT46,1,9,L1,A,NA,NA,NA,NA,between520,16.709,NA,NA,9.782,"(7.5,9]",41.19666,-70.88284,Good,4.041816667
AT46,1,9,L1,A,NA,NA,NA,NA,greater20,35.933,NA,NA,9.782,"(7.5,9]",41.19666,-70.88284,Good,4.041816667
AT46,1,15,L1,A,NA,NA,NA,NA,total,59.8625,D3,3.7158,1.774,"(0,1.5]",41.19656,-70.88282,Good,4.042076923
AT46,1,15,L1,A,NA,NA,NA,NA,less20,22.679,D3,NA,1.774,"(0,1.5]",41.19656,-70.88282,Good,4.042076923
AT46,1,15,L1,A,NA,NA,NA,NA,less5,3.833,D3,NA,1.774,"(0,1.5]",41.19656,-70.88282,Good,4.042076923
AT46,1,15,L1,A,NA,NA,NA,NA,between520,18.846,NA,NA,1.774,"(0,1.5]",41.19656,-70.88282,Good,4.042076923
AT46,1,15,L1,A,NA,NA,NA,NA,greater20,37.1835,NA,NA,1.774,"(0,1.5]",41.19656,-70.88282,Good,4.042076923
AT46,2,10,L4,A,NA,NA,NA,NA,total,2.247,D1,NA,38.326,"(37.5,39]",40.69684,-70.8817,Good,4.781866667
AT46,2,10,L4,A,NA,NA,NA,NA,less20,0.729,D1,NA,38.326,"(37.5,39]",40.69684,-70.8817,Good,4.781866667
AT46,2,10,L4,A,NA,NA,NA,NA,less5,0.413,D1,NA,38.326,"(37.5,39]",40.69684,-70.8817,Good,4.781866667
AT46,2,10,L4,A,NA,NA,NA,NA,between520,0.316,NA,NA,38.326,"(37.5,39]",40.69684,-70.8817,Good,4.781866667
AT46,2,10,L4,A,NA,NA,NA,NA,greater20,1.518,NA,NA,38.326,"(37.5,39]",40.69684,-70.8817,Good,4.781866667
AT46,2,16,L4,A,NA,NA,NA,NA,total,19.078,D2,NA,17.459,"(16.5,18]",40.69734,-70.88144,Good,4.767
AT46,2,16,L4,A,NA,NA,NA,NA,less20,4.424,D2,NA,17.459,"(16.5,18]",40.69734,-70.88144,Good,4.767
AT46,2,16,L4,A,NA,NA,NA,NA,less5,1.791,D2,NA,17.459,"(16.5,18]",40.69734,-70.88144,Good,4.767
AT46,2,16,L4,A,NA,NA,NA,NA,between520,2.633,NA,NA,17.459,"(16.5,18]",40.69734,-70.88144,Good,4.767
AT46,2,16,L4,A,NA,NA,NA,NA,greater20,14.654,NA,NA,17.459,"(16.5,18]",40.69734,-70.88144,Good,4.767
AT46,2,21,L4,A,NA,NA,NA,NA,total,24.9053,D3,1.6823,2.649,"(1.5,3]",40.69736,-70.8813,Good,4.759185714
AT46,2,21,L4,A,NA,NA,NA,NA,less20,5.758,D3,NA,2.649,"(1.5,3]",40.69736,-70.8813,Good,4.759185714
AT46,2,21,L4,A,NA,NA,NA,NA,less5,2.302,D3,NA,2.649,"(1.5,3]",40.69736,-70.8813,Good,4.759185714
AT46,2,21,L4,A,NA,NA,NA,NA,between520,3.456,NA,NA,2.649,"(1.5,3]",40.69736,-70.8813,Good,4.759185714
AT46,2,21,L4,A,NA,NA,NA,NA,greater20,19.1473,NA,NA,2.649,"(1.5,3]",40.69736,-70.8813,Good,4.759185714
AT46,6,9,L6,A,NA,NA,NA,NA,total,0.392,D1,NA,49.658,"(48,49.5]",40.364,-70.88128,Good,7.9036
AT46,6,9,L6,A,NA,NA,NA,NA,less20,0.26,D1,NA,49.658,"(48,49.5]",40.364,-70.88128,Good,7.9036
AT46,6,9,L6,A,NA,NA,NA,NA,less5,0.152,D1,NA,49.658,"(48,49.5]",40.364,-70.88128,Good,7.9036
AT46,6,9,L6,A,NA,NA,NA,NA,between520,0.108,NA,NA,49.658,"(48,49.5]",40.364,-70.88128,Good,7.9036
AT46,6,9,L6,A,NA,NA,NA,NA,greater20,0.132,NA,NA,49.658,"(48,49.5]",40.364,-70.88128,Good,7.9036
AT46,6,15,L6,A,NA,NA,NA,NA,total,18.346,D2,NA,22.126,"(21,22.5]",40.3635,-70.88122,Good,7.87295
AT46,6,15,L6,A,NA,NA,NA,NA,less20,7.258,D2,NA,22.126,"(21,22.5]",40.3635,-70.88122,Good,7.87295
AT46,6,15,L6,A,NA,NA,NA,NA,less5,3.182,D2,NA,22.126,"(21,22.5]",40.3635,-70.88122,Good,7.87295
AT46,6,15,L6,A,NA,NA,NA,NA,between520,4.076,NA,NA,22.126,"(21,22.5]",40.3635,-70.88122,Good,7.87295
AT46,6,15,L6,A,NA,NA,NA,NA,greater20,11.088,NA,NA,22.126,"(21,22.5]",40.3635,-70.88122,Good,7.87295
AT46,6,20,L6,A,NA,NA,NA,NA,total,29.8453,D3,1.1845,3.157,"(1.5,3]",40.36336,-70.88126,Good,7.9010125
AT46,6,20,L6,A,NA,NA,NA,NA,less20,13.558,D3,NA,3.157,"(1.5,3]",40.36336,-70.88126,Good,7.9010125
AT46,6,20,L6,A,NA,NA,NA,NA,less5,7.166,D3,NA,3.157,"(1.5,3]",40.36336,-70.88126,Good,7.9010125
AT46,6,20,L6,A,NA,NA,NA,NA,between520,6.392,NA,NA,3.157,"(1.5,3]",40.36336,-70.88126,Good,7.9010125
AT46,6,20,L6,A,NA,NA,NA,NA,greater20,16.2873,NA,NA,3.157,"(1.5,3]",40.36336,-70.88126,Good,7.9010125
AT46,13,8,L8,A,NA,NA,NA,NA,total,0,D1,NA,58.614,"(57,58.5]",40.13448,-70.78189,Bad,13.048875
AT46,13,8,L8,A,NA,NA,NA,NA,less20,0,D1,NA,58.614,"(57,58.5]",40.13448,-70.78189,Bad,13.048875
AT46,13,8,L8,A,NA,NA,NA,NA,less5,0,D1,NA,58.614,"(57,58.5]",40.13448,-70.78189,Bad,13.048875
AT46,13,8,L8,A,NA,NA,NA,NA,between520,0,NA,NA,58.614,"(57,58.5]",40.13448,-70.78189,Bad,13.048875
AT46,13,8,L8,A,NA,NA,NA,NA,greater20,0,NA,NA,58.614,"(57,58.5]",40.13448,-70.78189,Bad,13.048875
AT46,13,12,L8,A,NA,NA,NA,NA,total,2.561,D2,NA,44.625,"(43.5,45]",40.13432,-70.78206,Good,12.213725
AT46,13,12,L8,A,NA,NA,NA,NA,less20,1.549,D2,NA,44.625,"(43.5,45]",40.13432,-70.78206,Good,12.213725
AT46,13,12,L8,A,NA,NA,NA,NA,less5,1.173,D2,NA,44.625,"(43.5,45]",40.13432,-70.78206,Good,12.213725
AT46,13,12,L8,A,NA,NA,NA,NA,between520,0.376,NA,NA,44.625,"(43.5,45]",40.13432,-70.78206,Good,12.213725
AT46,13,12,L8,A,NA,NA,NA,NA,greater20,1.012,NA,NA,44.625,"(43.5,45]",40.13432,-70.78206,Good,12.213725
AT46,13,16,L8,A,NA,NA,NA,NA,total,23.369,D3,NA,27.513,"(25.5,27]",40.13391,-70.78254,Good,9.88556
AT46,13,16,L8,A,NA,NA,NA,NA,less20,6.369,D3,NA,27.513,"(25.5,27]",40.13391,-70.78254,Good,9.88556
AT46,13,16,L8,A,NA,NA,NA,NA,less5,3.431,D3,NA,27.513,"(25.5,27]",40.13391,-70.78254,Good,9.88556
AT46,13,16,L8,A,NA,NA,NA,NA,between520,2.938,NA,NA,27.513,"(25.5,27]",40.13391,-70.78254,Good,9.88556
AT46,13,16,L8,A,NA,NA,NA,NA,greater20,17,NA,NA,27.513,"(25.5,27]",40.13391,-70.78254,Good,9.88556
AT46,13,21,L8,A,NA,NA,NA,NA,total,20.398,D4,1.6051,7.661,"(6,7.5]",40.13346,-70.78307,Good,9.224514286
AT46,13,21,L8,A,NA,NA,NA,NA,less20,12.251,D4,NA,7.661,"(6,7.5]",40.13346,-70.78307,Good,9.224514286
AT46,13,21,L8,A,NA,NA,NA,NA,less5,6.912,D4,NA,7.661,"(6,7.5]",40.13346,-70.78307,Good,9.224514286
AT46,13,21,L8,A,NA,NA,NA,NA,between520,5.339,NA,NA,7.661,"(6,7.5]",40.13346,-70.78307,Good,9.224514286
AT46,13,21,L8,A,NA,NA,NA,NA,greater20,8.147,NA,NA,7.661,"(6,7.5]",40.13346,-70.78307,Good,9.224514286
AT46,15,2,L4,A,NA,NA,NA,NA,total,1.757,D1,NA,30.237,"(28.5,30]",40.69548,-70.88138,Good,6.37815
AT46,15,2,L4,A,NA,NA,NA,NA,less20,1.206,D1,NA,30.237,"(28.5,30]",40.69548,-70.88138,Good,6.37815
AT46,15,2,L4,A,NA,NA,NA,NA,less5,0.651,D1,NA,30.237,"(28.5,30]",40.69548,-70.88138,Good,6.37815
AT46,15,2,L4,A,NA,NA,NA,NA,between520,0.555,NA,NA,30.237,"(28.5,30]",40.69548,-70.88138,Good,6.37815
AT46,15,2,L4,A,NA,NA,NA,NA,greater20,0.551,NA,NA,30.237,"(28.5,30]",40.69548,-70.88138,Good,6.37815
AT46,15,4,L4,A,NA,NA,NA,NA,total,26.422,D2,NA,7.572,"(6,7.5]",40.6952,-70.88138,Good,6.37245
AT46,15,4,L4,A,NA,NA,NA,NA,less20,13.567,D2,NA,7.572,"(6,7.5]",40.6952,-70.88138,Good,6.37245
AT46,15,4,L4,A,NA,NA,NA,NA,less5,5.237,D2,NA,7.572,"(6,7.5]",40.6952,-70.88138,Good,6.37245
AT46,15,4,L4,A,NA,NA,NA,NA,between520,8.33,NA,NA,7.572,"(6,7.5]",40.6952,-70.88138,Good,6.37245
AT46,15,4,L4,A,NA,NA,NA,NA,greater20,12.855,NA,NA,7.572,"(6,7.5]",40.6952,-70.88138,Good,6.37245
AT46,17,11,L2,A,NA,NA,NA,NA,total,93.468,D2,NA,15.614,"(13.5,15]",41.02678,-70.88546,Good,4.71168
AT46,17,11,L2,A,NA,NA,NA,NA,less20,19.015,D2,NA,15.614,"(13.5,15]",41.02678,-70.88546,Good,4.71168
AT46,17,11,L2,A,NA,NA,NA,NA,less5,0.221,D2,NA,15.614,"(13.5,15]",41.02678,-70.88546,Good,4.71168
AT46,17,11,L2,A,NA,NA,NA,NA,between520,18.794,NA,NA,15.614,"(13.5,15]",41.02678,-70.88546,Good,4.71168
AT46,17,11,L2,A,NA,NA,NA,NA,greater20,74.453,NA,NA,15.614,"(13.5,15]",41.02678,-70.88546,Good,4.71168
AT46,17,16,L2,A,NA,NA,NA,NA,total,134.831,D3,3.7572,7.356,"(4.5,6]",41.02704,-70.8859,Good,4.6990375
AT46,17,16,L2,A,NA,NA,NA,NA,less20,34.491,D3,NA,7.356,"(4.5,6]",41.02704,-70.8859,Good,4.6990375
AT46,17,16,L2,A,NA,NA,NA,NA,less5,3.943,D3,NA,7.356,"(4.5,6]",41.02704,-70.8859,Good,4.6990375
AT46,17,16,L2,A,NA,NA,NA,NA,between520,30.548,NA,NA,7.356,"(4.5,6]",41.02704,-70.8859,Good,4.6990375
AT46,17,16,L2,A,NA,NA,NA,NA,greater20,100.34,NA,NA,7.356,"(4.5,6]",41.02704,-70.8859,Good,4.6990375
EN649,1,4,L1,A,NA,NA,NA,NA,total,2.866,D1,NA,18.072,"(16.5,18]",41.20436,-70.88485,Good,5.33444
EN649,1,4,L1,A,NA,NA,NA,NA,less20,1.387,D1,NA,18.072,"(16.5,18]",41.20436,-70.88485,Good,5.33444
EN649,1,4,L1,A,NA,NA,NA,NA,less5,0.452,D1,NA,18.072,"(16.5,18]",41.20436,-70.88485,Good,5.33444
EN649,1,4,L1,A,NA,NA,NA,NA,between520,0.935,NA,NA,18.072,"(16.5,18]",41.20436,-70.88485,Good,5.33444
EN649,1,4,L1,A,NA,NA,NA,NA,greater20,1.479,NA,NA,18.072,"(16.5,18]",41.20436,-70.88485,Good,5.33444
EN649,1,9,L1,A,NA,NA,NA,NA,total,12.329,D2,NA,10.265,"(9,10.5]",41.2042,-70.88576,Good,5.3342
EN649,1,9,L1,A,NA,NA,NA,NA,less20,8.98,D2,NA,10.265,"(9,10.5]",41.2042,-70.88576,Good,5.3342
EN649,1,9,L1,A,NA,NA,NA,NA,less5,2.624,D2,NA,10.265,"(9,10.5]",41.2042,-70.88576,Good,5.3342
EN649,1,9,L1,A,NA,NA,NA,NA,between520,6.356,NA,NA,10.265,"(9,10.5]",41.2042,-70.88576,Good,5.3342
EN649,1,9,L1,A,NA,NA,NA,NA,greater20,3.349,NA,NA,10.265,"(9,10.5]",41.2042,-70.88576,Good,5.3342
EN649,1,15,L1,A,NA,NA,NA,NA,total,29.794,D3,NA,3.356,"(1.5,3]",41.20412,-70.88643,Good,5.333453846
EN649,1,15,L1,A,NA,NA,NA,NA,less20,20.815,D3,NA,3.356,"(1.5,3]",41.20412,-70.88643,Good,5.333453846
EN649,1,15,L1,A,NA,NA,NA,NA,less5,6.255,D3,NA,3.356,"(1.5,3]",41.20412,-70.88643,Good,5.333453846
EN649,1,15,L1,A,NA,NA,NA,NA,between520,14.56,NA,NA,3.356,"(1.5,3]",41.20412,-70.88643,Good,5.333453846
EN649,1,15,L1,A,NA,NA,NA,NA,greater20,8.979,NA,NA,3.356,"(1.5,3]",41.20412,-70.88643,Good,5.333453846
EN649,5,6,L2,A,NA,NA,NA,NA,total,0.718,D1,NA,33.722,"(31.5,33]",41.02974,-70.88462,Good,6.545175
EN649,5,6,L2,A,NA,NA,NA,NA,less20,0.466,D1,NA,33.722,"(31.5,33]",41.02974,-70.88462,Good,6.545175
EN649,5,6,L2,A,NA,NA,NA,NA,less5,0.149,D1,NA,33.722,"(31.5,33]",41.02974,-70.88462,Good,6.545175
EN649,5,6,L2,A,NA,NA,NA,NA,between520,0.317,NA,NA,33.722,"(31.5,33]",41.02974,-70.88462,Good,6.545175
EN649,5,6,L2,A,NA,NA,NA,NA,greater20,0.252,NA,NA,33.722,"(31.5,33]",41.02974,-70.88462,Good,6.545175
EN649,5,10,L2,A,NA,NA,NA,NA,total,4.809,D2,NA,15.397,"(13.5,15]",41.02994,-70.88496,Good,6.4894
EN649,5,10,L2,A,NA,NA,NA,NA,less20,2.972,D2,NA,15.397,"(13.5,15]",41.02994,-70.88496,Good,6.4894
EN649,5,10,L2,A,NA,NA,NA,NA,less5,1.565,D2,NA,15.397,"(13.5,15]",41.02994,-70.88496,Good,6.4894
EN649,5,10,L2,A,NA,NA,NA,NA,between520,1.407,NA,NA,15.397,"(13.5,15]",41.02994,-70.88496,Good,6.4894
EN649,5,10,L2,A,NA,NA,NA,NA,greater20,1.837,NA,NA,15.397,"(13.5,15]",41.02994,-70.88496,Good,6.4894
EN649,5,15,L2,A,NA,NA,NA,NA,total,27.976,D3,NA,3.698,"(1.5,3]",41.03012,-70.8854,Good,6.459022222
EN649,5,15,L2,A,NA,NA,NA,NA,less20,16.47,D3,NA,3.698,"(1.5,3]",41.03012,-70.8854,Good,6.459022222
EN649,5,15,L2,A,NA,NA,NA,NA,less5,6.623,D3,NA,3.698,"(1.5,3]",41.03012,-70.8854,Good,6.459022222
EN649,5,15,L2,A,NA,NA,NA,NA,between520,9.847,NA,NA,3.698,"(1.5,3]",41.03012,-70.8854,Good,6.459022222
EN649,5,15,L2,A,NA,NA,NA,NA,greater20,11.506,NA,NA,3.698,"(1.5,3]",41.03012,-70.8854,Good,6.459022222
EN649,8,8,L8,A,NA,NA,NA,NA,total,0.008,D1,NA,69.648,"(70.5,72]",40.1278,-70.79673,Good,9.95915
EN649,8,8,L8,A,NA,NA,NA,NA,less20,0.008,D1,NA,69.648,"(70.5,72]",40.1278,-70.79673,Good,9.95915
EN649,8,8,L8,A,NA,NA,NA,NA,less5,0,D1,NA,69.648,"(70.5,72]",40.1278,-70.79673,Good,9.95915
EN649,8,8,L8,A,NA,NA,NA,NA,between520,0.008,NA,NA,69.648,"(70.5,72]",40.1278,-70.79673,Good,9.95915
EN649,8,8,L8,A,NA,NA,NA,NA,greater20,0,NA,NA,69.648,"(70.5,72]",40.1278,-70.79673,Good,9.95915
EN649,8,14,L8,A,NA,NA,NA,NA,total,4.095,D2,NA,29.305,"(27,28.5]",40.12642,-70.7991,Good,7.36476
EN649,8,14,L8,A,NA,NA,NA,NA,less20,2.931,D2,NA,29.305,"(27,28.5]",40.12642,-70.7991,Good,7.36476
EN649,8,14,L8,A,NA,NA,NA,NA,less5,2.204,D2,NA,29.305,"(27,28.5]",40.12642,-70.7991,Good,7.36476
EN649,8,14,L8,A,NA,NA,NA,NA,between520,0.727,NA,NA,29.305,"(27,28.5]",40.12642,-70.7991,Good,7.36476
EN649,8,14,L8,A,NA,NA,NA,NA,greater20,1.164,NA,NA,29.305,"(27,28.5]",40.12642,-70.7991,Good,7.36476
EN649,12,8,L10,A,NA,NA,NA,NA,total,0,D1,NA,111.333,"(110,111]",39.93916,-70.89649,Good,14.55316667
EN649,12,8,L10,A,NA,NA,NA,NA,less20,0,D1,NA,111.333,"(110,111]",39.93916,-70.89649,Good,14.55316667
EN649,12,8,L10,A,NA,NA,NA,NA,less5,0,D1,NA,111.333,"(110,111]",39.93916,-70.89649,Good,14.55316667
EN649,12,8,L10,A,NA,NA,NA,NA,between520,0,NA,NA,111.333,"(110,111]",39.93916,-70.89649,Good,14.55316667
EN649,12,8,L10,A,NA,NA,NA,NA,greater20,0,NA,NA,111.333,"(110,111]",39.93916,-70.89649,Good,14.55316667
EN649,12,12,L10,A,NA,NA,NA,NA,total,5.403,D2,NA,44.735,"(43.5,45]",39.9386,-70.89728,Good,13.696675
EN649,12,12,L10,A,NA,NA,NA,NA,less20,4.493,D2,NA,44.735,"(43.5,45]",39.9386,-70.89728,Good,13.696675
EN649,12,12,L10,A,NA,NA,NA,NA,less5,2.039,D2,NA,44.735,"(43.5,45]",39.9386,-70.89728,Good,13.696675
EN649,12,12,L10,A,NA,NA,NA,NA,between520,2.454,NA,NA,44.735,"(43.5,45]",39.9386,-70.89728,Good,13.696675
EN649,12,12,L10,A,NA,NA,NA,NA,greater20,0.91,NA,NA,44.735,"(43.5,45]",39.9386,-70.89728,Good,13.696675
EN649,12,17,L10,A,NA,NA,NA,NA,total,5.458,D3,NA,16.856,"(16.5,18]",39.93818,-70.89964,Good,13.68875
EN649,12,17,L10,A,NA,NA,NA,NA,less20,5.404,D3,NA,16.856,"(16.5,18]",39.93818,-70.89964,Good,13.68875
EN649,12,17,L10,A,NA,NA,NA,NA,less5,0.007,D3,NA,16.856,"(16.5,18]",39.93818,-70.89964,Good,13.68875
EN649,12,17,L10,A,NA,NA,NA,NA,between520,5.397,NA,NA,16.856,"(16.5,18]",39.93818,-70.89964,Good,13.68875
EN649,12,17,L10,A,NA,NA,NA,NA,greater20,0.054,NA,NA,16.856,"(16.5,18]",39.93818,-70.89964,Good,13.68875
EN649,12,21,L10,A,NA,NA,NA,NA,total,6.408,D4,NA,4.962,"(3,4.5]",39.93796,-70.9003,Good,13.67951429
EN649,12,21,L10,A,NA,NA,NA,NA,less20,5.692,D4,NA,4.962,"(3,4.5]",39.93796,-70.9003,Good,13.67951429
EN649,12,21,L10,A,NA,NA,NA,NA,less5,3.676,D4,NA,4.962,"(3,4.5]",39.93796,-70.9003,Good,13.67951429
EN649,12,21,L10,A,NA,NA,NA,NA,between520,2.016,NA,NA,4.962,"(3,4.5]",39.93796,-70.9003,Good,13.67951429
EN649,12,21,L10,A,NA,NA,NA,NA,greater20,0.716,NA,NA,4.962,"(3,4.5]",39.93796,-70.9003,Good,13.67951429
EN649,19,6,L6,A,NA,NA,NA,NA,total,0.223,D1,NA,49.548,"(48,49.5]",40.35014,-70.8829,Good,7.876
EN649,19,6,L6,A,NA,NA,NA,NA,less20,0.167,D1,NA,49.548,"(48,49.5]",40.35014,-70.8829,Good,7.876
EN649,19,6,L6,A,NA,NA,NA,NA,less5,0.067,D1,NA,49.548,"(48,49.5]",40.35014,-70.8829,Good,7.876
EN649,19,6,L6,A,NA,NA,NA,NA,between520,0.1,NA,NA,49.548,"(48,49.5]",40.35014,-70.8829,Good,7.876
EN649,19,6,L6,A,NA,NA,NA,NA,greater20,0.056,NA,NA,49.548,"(48,49.5]",40.35014,-70.8829,Good,7.876
EN649,19,11,L6,A,NA,NA,NA,NA,total,5.422,D2,NA,35.089,"(33,34.5]",40.34952,-70.88294,Good,7.66212
EN649,19,11,L6,A,NA,NA,NA,NA,less20,3.024,D2,NA,35.089,"(33,34.5]",40.34952,-70.88294,Good,7.66212
EN649,19,11,L6,A,NA,NA,NA,NA,less5,1.573,D2,NA,35.089,"(33,34.5]",40.34952,-70.88294,Good,7.66212
EN649,19,11,L6,A,NA,NA,NA,NA,between520,1.451,NA,NA,35.089,"(33,34.5]",40.34952,-70.88294,Good,7.66212
EN649,19,11,L6,A,NA,NA,NA,NA,greater20,2.398,NA,NA,35.089,"(33,34.5]",40.34952,-70.88294,Good,7.66212
EN649,19,16,L6,A,NA,NA,NA,NA,total,2.015,D3,NA,14.664,"(13.5,15]",40.34898,-70.88298,Good,7.59464
EN649,19,16,L6,A,NA,NA,NA,NA,less20,1.561,D3,NA,14.664,"(13.5,15]",40.34898,-70.88298,Good,7.59464
EN649,19,16,L6,A,NA,NA,NA,NA,less5,1.194,D3,NA,14.664,"(13.5,15]",40.34898,-70.88298,Good,7.59464
EN649,19,16,L6,A,NA,NA,NA,NA,between520,0.367,NA,NA,14.664,"(13.5,15]",40.34898,-70.88298,Good,7.59464
EN649,19,16,L6,A,NA,NA,NA,NA,greater20,0.454,NA,NA,14.664,"(13.5,15]",40.34898,-70.88298,Good,7.59464
EN649,19,21,L6,A,NA,NA,NA,NA,total,11.826,D4,NA,3.98,"(1.5,3]",40.34854,-70.88292,Good,7.5993375
EN649,19,21,L6,A,NA,NA,NA,NA,less20,11.317,D4,NA,3.98,"(1.5,3]",40.34854,-70.88292,Good,7.5993375
EN649,19,21,L6,A,NA,NA,NA,NA,less5,4.67,D4,NA,3.98,"(1.5,3]",40.34854,-70.88292,Good,7.5993375
EN649,19,21,L6,A,NA,NA,NA,NA,between520,6.647,NA,NA,3.98,"(1.5,3]",40.34854,-70.88292,Good,7.5993375
EN649,19,21,L6,A,NA,NA,NA,NA,greater20,0.509,NA,NA,3.98,"(1.5,3]",40.34854,-70.88292,Good,7.5993375
EN649,21,7,L4,A,NA,NA,NA,NA,total,0.513,D1,NA,37.397,"(36,37.5]",40.69957,-70.8829,Good,6.034875
EN649,21,7,L4,A,NA,NA,NA,NA,less20,0.16,D1,NA,37.397,"(36,37.5]",40.69957,-70.8829,Good,6.034875
EN649,21,7,L4,A,NA,NA,NA,NA,less5,0.138,D1,NA,37.397,"(36,37.5]",40.69957,-70.8829,Good,6.034875
EN649,21,7,L4,A,NA,NA,NA,NA,between520,0.022,NA,NA,37.397,"(36,37.5]",40.69957,-70.8829,Good,6.034875
EN649,21,7,L4,A,NA,NA,NA,NA,greater20,0.353,NA,NA,37.397,"(36,37.5]",40.69957,-70.8829,Good,6.034875
EN649,21,14,L4,A,NA,NA,NA,NA,total,5.663,D2,NA,15.371,"(13.5,15]",40.70074,-70.88314,Good,5.5567
EN649,21,14,L4,A,NA,NA,NA,NA,less20,2.11,D2,NA,15.371,"(13.5,15]",40.70074,-70.88314,Good,5.5567
EN649,21,14,L4,A,NA,NA,NA,NA,less5,1.12,D2,NA,15.371,"(13.5,15]",40.70074,-70.88314,Good,5.5567
EN649,21,14,L4,A,NA,NA,NA,NA,between520,0.99,NA,NA,15.371,"(13.5,15]",40.70074,-70.88314,Good,5.5567
EN649,21,14,L4,A,NA,NA,NA,NA,greater20,3.553,NA,NA,15.371,"(13.5,15]",40.70074,-70.88314,Good,5.5567
EN649,21,20,L4,A,NA,NA,NA,NA,total,9.046,D3,NA,3.196,"(1.5,3]",40.70122,-70.88348,Good,5.556222222
EN649,21,20,L4,A,NA,NA,NA,NA,less20,4.209,D3,NA,3.196,"(1.5,3]",40.70122,-70.88348,Good,5.556222222
EN649,21,20,L4,A,NA,NA,NA,NA,less5,2.276,D3,NA,3.196,"(1.5,3]",40.70122,-70.88348,Good,5.556222222
EN649,21,20,L4,A,NA,NA,NA,NA,between520,1.933,NA,NA,3.196,"(1.5,3]",40.70122,-70.88348,Good,5.556222222
EN649,21,20,L4,A,NA,NA,NA,NA,greater20,4.837,NA,NA,3.196,"(1.5,3]",40.70122,-70.88348,Good,5.556222222
EN655,2,6,L2,A,NA,NA,NA,NA,total,6.842,D1,NA,30.206,"(28.5,30]",41.03038,-70.87818,Good,11.232875
EN655,2,6,L2,A,NA,NA,NA,NA,less20,4.101,D1,NA,30.206,"(28.5,30]",41.03038,-70.87818,Good,11.232875
EN655,2,6,L2,A,NA,NA,NA,NA,less5,1.003,D1,NA,30.206,"(28.5,30]",41.03038,-70.87818,Good,11.232875
EN655,2,6,L2,A,NA,NA,NA,NA,between520,3.098,NA,NA,30.206,"(28.5,30]",41.03038,-70.87818,Good,11.232875
EN655,2,6,L2,A,NA,NA,NA,NA,greater20,2.741,NA,NA,30.206,"(28.5,30]",41.03038,-70.87818,Good,11.232875
EN655,2,9,L2,A,NA,NA,NA,NA,total,41.396,D2,NA,20.408,"(19.5,21]",41.03038,-70.87791,Good,11.90224
EN655,2,9,L2,A,NA,NA,NA,NA,less20,18.959,D2,NA,20.408,"(19.5,21]",41.03038,-70.87791,Good,11.90224
EN655,2,9,L2,A,NA,NA,NA,NA,less5,6.494,D2,NA,20.408,"(19.5,21]",41.03038,-70.87791,Good,11.90224
EN655,2,9,L2,A,NA,NA,NA,NA,between520,12.465,NA,NA,20.408,"(19.5,21]",41.03038,-70.87791,Good,11.90224
EN655,2,9,L2,A,NA,NA,NA,NA,greater20,22.437,NA,NA,20.408,"(19.5,21]",41.03038,-70.87791,Good,11.90224
EN655,2,17,L2,A,NA,NA,NA,NA,total,21.5313,D3,0.4849,1.931,"(1.5,3]",41.03041,-70.8769,Good,21.65258182
EN655,2,17,L2,A,NA,NA,NA,NA,less20,18.633,D3,NA,1.931,"(1.5,3]",41.03041,-70.8769,Good,21.65258182
EN655,2,17,L2,A,NA,NA,NA,NA,less5,16.436,D3,NA,1.931,"(1.5,3]",41.03041,-70.8769,Good,21.65258182
EN655,2,17,L2,A,NA,NA,NA,NA,between520,2.197,NA,NA,1.931,"(1.5,3]",41.03041,-70.8769,Good,21.65258182
EN655,2,17,L2,A,NA,NA,NA,NA,greater20,2.8983,NA,NA,1.931,"(1.5,3]",41.03041,-70.8769,Good,21.65258182
EN655,7,11,L4,A,NA,NA,NA,NA,total,20.908,D2,NA,23.297,"(22.5,24]",40.69058,-70.8796,Good,11.4027
EN655,7,11,L4,A,NA,NA,NA,NA,less20,19.917,D2,NA,23.297,"(22.5,24]",40.69058,-70.8796,Good,11.4027
EN655,7,11,L4,A,NA,NA,NA,NA,less5,17.667,D2,NA,23.297,"(22.5,24]",40.69058,-70.8796,Good,11.4027
EN655,7,11,L4,A,NA,NA,NA,NA,between520,2.25,NA,NA,23.297,"(22.5,24]",40.69058,-70.8796,Good,11.4027
EN655,7,11,L4,A,NA,NA,NA,NA,greater20,0.991,NA,NA,23.297,"(22.5,24]",40.69058,-70.8796,Good,11.4027
EN655,7,15,L4,A,NA,NA,NA,NA,total,38.1,D3,NA,14.075,"(13.5,15]",40.68998,-70.87962,Good,14.47504
EN655,7,15,L4,A,NA,NA,NA,NA,less20,37.92,D3,NA,14.075,"(13.5,15]",40.68998,-70.87962,Good,14.47504
EN655,7,15,L4,A,NA,NA,NA,NA,less5,32.023,D3,NA,14.075,"(13.5,15]",40.68998,-70.87962,Good,14.47504
EN655,7,15,L4,A,NA,NA,NA,NA,between520,5.897,NA,NA,14.075,"(13.5,15]",40.68998,-70.87962,Good,14.47504
EN655,7,15,L4,A,NA,NA,NA,NA,greater20,0.18,NA,NA,14.075,"(13.5,15]",40.68998,-70.87962,Good,14.47504
EN655,7,20,L4,A,NA,NA,NA,NA,total,20.9997,D4,0.9238,1.809,"(0,1.5]",40.68898,-70.87938,Good,24.3332875
EN655,7,20,L4,A,NA,NA,NA,NA,less20,13.389,D4,NA,1.809,"(0,1.5]",40.68898,-70.87938,Good,24.3332875
EN655,7,20,L4,A,NA,NA,NA,NA,less5,9.49,D4,NA,1.809,"(0,1.5]",40.68898,-70.87938,Good,24.3332875
EN655,7,20,L4,A,NA,NA,NA,NA,between520,3.899,NA,NA,1.809,"(0,1.5]",40.68898,-70.87938,Good,24.3332875
EN655,7,20,L4,A,NA,NA,NA,NA,greater20,7.6107,NA,NA,1.809,"(0,1.5]",40.68898,-70.87938,Good,24.3332875
EN655,12,7,L10,A,NA,NA,NA,NA,total,0.958,D1,NA,70.293,"(69,70.5]",39.92706,-70.88968,Good,15.14476667
EN655,12,7,L10,A,NA,NA,NA,NA,less20,0.645,D1,NA,70.293,"(69,70.5]",39.92706,-70.88968,Good,15.14476667
EN655,12,7,L10,A,NA,NA,NA,NA,less5,0.373,D1,NA,70.293,"(69,70.5]",39.92706,-70.88968,Good,15.14476667
EN655,12,7,L10,A,NA,NA,NA,NA,between520,0.272,NA,NA,70.293,"(69,70.5]",39.92706,-70.88968,Good,15.14476667
EN655,12,7,L10,A,NA,NA,NA,NA,greater20,0.313,NA,NA,70.293,"(69,70.5]",39.92706,-70.88968,Good,15.14476667
EN655,12,11,L10,A,NA,NA,NA,NA,total,13.654,D2,NA,50.015,"(49.5,51]",39.9264,-70.89006,Good,14.982475
EN655,12,11,L10,A,NA,NA,NA,NA,less20,9.878,D2,NA,50.015,"(49.5,51]",39.9264,-70.89006,Good,14.982475
EN655,12,11,L10,A,NA,NA,NA,NA,less5,6.41,D2,NA,50.015,"(49.5,51]",39.9264,-70.89006,Good,14.982475
EN655,12,11,L10,A,NA,NA,NA,NA,between520,3.468,NA,NA,50.015,"(49.5,51]",39.9264,-70.89006,Good,14.982475
EN655,12,11,L10,A,NA,NA,NA,NA,greater20,3.776,NA,NA,50.015,"(49.5,51]",39.9264,-70.89006,Good,14.982475
EN655,12,12,L10,A,NA,NA,NA,NA,total,0,D3,NA,22.971,"(21,22.5]",39.92561,-70.89074,Bad,19.40936667
EN655,12,12,L10,A,NA,NA,NA,NA,less20,0,D3,NA,22.971,"(21,22.5]",39.92561,-70.89074,Bad,19.40936667
EN655,12,12,L10,A,NA,NA,NA,NA,less5,0,D3,NA,22.971,"(21,22.5]",39.92561,-70.89074,Bad,19.40936667
EN655,12,12,L10,A,NA,NA,NA,NA,between520,0,NA,NA,22.971,"(21,22.5]",39.92561,-70.89074,Bad,19.40936667
EN655,12,12,L10,A,NA,NA,NA,NA,greater20,0,NA,NA,22.971,"(21,22.5]",39.92561,-70.89074,Bad,19.40936667
EN661,1,11,L1,A,NA,NA,NA,NA,total,11.921,D2,NA,10.878,"(9,10.5]",41.19702,-70.87822,Good,3.72108
EN661,1,11,L1,A,NA,NA,NA,NA,less20,3.593,D2,NA,10.878,"(9,10.5]",41.19702,-70.87822,Good,3.72108
EN661,1,11,L1,A,NA,NA,NA,NA,less5,0.549,D2,NA,10.878,"(9,10.5]",41.19702,-70.87822,Good,3.72108
EN661,1,11,L1,A,NA,NA,NA,NA,between520,3.044,NA,NA,10.878,"(9,10.5]",41.19702,-70.87822,Good,3.72108
EN661,1,11,L1,A,NA,NA,NA,NA,greater20,8.328,NA,NA,10.878,"(9,10.5]",41.19702,-70.87822,Good,3.72108
EN661,1,17,L1,A,NA,NA,NA,NA,total,53.0677,D3,0.4072,1.273,"(0,1.5]",41.19592,-70.87724,Good,3.856609091
EN661,1,17,L1,A,NA,NA,NA,NA,less20,19.957,D3,NA,1.273,"(0,1.5]",41.19592,-70.87724,Good,3.856609091
EN661,1,17,L1,A,NA,NA,NA,NA,less5,6.469,D3,NA,1.273,"(0,1.5]",41.19592,-70.87724,Good,3.856609091
EN661,1,17,L1,A,NA,NA,NA,NA,between520,13.488,NA,NA,1.273,"(0,1.5]",41.19592,-70.87724,Good,3.856609091
EN661,1,17,L1,A,NA,NA,NA,NA,greater20,33.1107,NA,NA,1.273,"(0,1.5]",41.19592,-70.87724,Good,3.856609091
EN661,2,9,L2,A,NA,NA,NA,NA,total,1.443,D1,NA,24.094,"(22.5,24]",41.03062,-70.88844,Good,4.10376
EN661,2,9,L2,A,NA,NA,NA,NA,less20,1.037,D1,NA,24.094,"(22.5,24]",41.03062,-70.88844,Good,4.10376
EN661,2,9,L2,A,NA,NA,NA,NA,less5,0.226,D1,NA,24.094,"(22.5,24]",41.03062,-70.88844,Good,4.10376
EN661,2,9,L2,A,NA,NA,NA,NA,between520,0.811,NA,NA,24.094,"(22.5,24]",41.03062,-70.88844,Good,4.10376
EN661,2,9,L2,A,NA,NA,NA,NA,greater20,0.406,NA,NA,24.094,"(22.5,24]",41.03062,-70.88844,Good,4.10376
EN661,2,13,L2,A,NA,NA,NA,NA,total,1.764,D2,NA,15.162,"(13.5,15]",41.03072,-70.88876,Good,3.975775
EN661,2,13,L2,A,NA,NA,NA,NA,less20,0.897,D2,NA,15.162,"(13.5,15]",41.03072,-70.88876,Good,3.975775
EN661,2,13,L2,A,NA,NA,NA,NA,less5,0.277,D2,NA,15.162,"(13.5,15]",41.03072,-70.88876,Good,3.975775
EN661,2,13,L2,A,NA,NA,NA,NA,between520,0.62,NA,NA,15.162,"(13.5,15]",41.03072,-70.88876,Good,3.975775
EN661,2,13,L2,A,NA,NA,NA,NA,greater20,0.867,NA,NA,15.162,"(13.5,15]",41.03072,-70.88876,Good,3.975775
EN661,2,18,L2,A,NA,NA,NA,NA,total,12.946,D3,0.7463,3.362,"(1.5,3]",41.03087,-70.88893,Good,3.91422
EN661,2,18,L2,A,NA,NA,NA,NA,less20,6.104,D3,NA,3.362,"(1.5,3]",41.03087,-70.88893,Good,3.91422
EN661,2,18,L2,A,NA,NA,NA,NA,less5,2.253,D3,NA,3.362,"(1.5,3]",41.03087,-70.88893,Good,3.91422
EN661,2,18,L2,A,NA,NA,NA,NA,between520,3.851,NA,NA,3.362,"(1.5,3]",41.03087,-70.88893,Good,3.91422
EN661,2,18,L2,A,NA,NA,NA,NA,greater20,6.842,NA,NA,3.362,"(1.5,3]",41.03087,-70.88893,Good,3.91422
EN661,5,8,L4,A,NA,NA,NA,NA,total,0.631,D1,NA,28.322,"(27,28.5]",40.69686,-70.88643,Good,6.30278
EN661,5,8,L4,A,NA,NA,NA,NA,less20,0.166,D1,NA,28.322,"(27,28.5]",40.69686,-70.88643,Good,6.30278
EN661,5,8,L4,A,NA,NA,NA,NA,less5,0.075,D1,NA,28.322,"(27,28.5]",40.69686,-70.88643,Good,6.30278
EN661,5,8,L4,A,NA,NA,NA,NA,between520,0.091,NA,NA,28.322,"(27,28.5]",40.69686,-70.88643,Good,6.30278
EN661,5,8,L4,A,NA,NA,NA,NA,greater20,0.465,NA,NA,28.322,"(27,28.5]",40.69686,-70.88643,Good,6.30278
EN661,5,13,L4,A,NA,NA,NA,NA,total,1.245,D2,NA,15.317,"(13.5,15]",40.69658,-70.88716,Good,6.30214
EN661,5,13,L4,A,NA,NA,NA,NA,less20,1.205,D2,NA,15.317,"(13.5,15]",40.69658,-70.88716,Good,6.30214
EN661,5,13,L4,A,NA,NA,NA,NA,less5,0.09,D2,NA,15.317,"(13.5,15]",40.69658,-70.88716,Good,6.30214
EN661,5,13,L4,A,NA,NA,NA,NA,between520,1.115,NA,NA,15.317,"(13.5,15]",40.69658,-70.88716,Good,6.30214
EN661,5,13,L4,A,NA,NA,NA,NA,greater20,0.04,NA,NA,15.317,"(13.5,15]",40.69658,-70.88716,Good,6.30214
EN661,5,18,L4,A,NA,NA,NA,NA,total,37.204,D4,6.0318,2.331,"(1.5,3]",40.69632,-70.8878,Good,6.29464
EN661,5,18,L4,A,NA,NA,NA,NA,less20,7.596,D4,NA,2.331,"(1.5,3]",40.69632,-70.8878,Good,6.29464
EN661,5,18,L4,A,NA,NA,NA,NA,less5,1.179,D4,NA,2.331,"(1.5,3]",40.69632,-70.8878,Good,6.29464
EN661,5,18,L4,A,NA,NA,NA,NA,between520,6.417,NA,NA,2.331,"(1.5,3]",40.69632,-70.8878,Good,6.29464
EN661,5,18,L4,A,NA,NA,NA,NA,greater20,29.608,NA,NA,2.331,"(1.5,3]",40.69632,-70.8878,Good,6.29464
EN661,13,9,L1,A,NA,NA,NA,NA,total,0.489,D1,NA,10.42,"(9,10.5]",41.1622,-70.89142,Good,3.54544
EN661,13,9,L1,A,NA,NA,NA,NA,less20,0.223,D1,NA,10.42,"(9,10.5]",41.1622,-70.89142,Good,3.54544
EN661,13,9,L1,A,NA,NA,NA,NA,less5,0.012,D1,NA,10.42,"(9,10.5]",41.1622,-70.89142,Good,3.54544
EN661,13,9,L1,A,NA,NA,NA,NA,between520,0.211,NA,NA,10.42,"(9,10.5]",41.1622,-70.89142,Good,3.54544
EN661,13,9,L1,A,NA,NA,NA,NA,greater20,0.266,NA,NA,10.42,"(9,10.5]",41.1622,-70.89142,Good,3.54544
EN661,13,14,L1,A,NA,NA,NA,NA,total,28.7285,D4,1.4503,1.821,"(0,1.5]",41.16186,-70.89132,Good,3.60386
EN661,13,14,L1,A,NA,NA,NA,NA,less20,6.374,D4,NA,1.821,"(0,1.5]",41.16186,-70.89132,Good,3.60386
EN661,13,14,L1,A,NA,NA,NA,NA,less5,0,D4,NA,1.821,"(0,1.5]",41.16186,-70.89132,Good,3.60386
EN661,13,14,L1,A,NA,NA,NA,NA,between520,6.374,NA,NA,1.821,"(0,1.5]",41.16186,-70.89132,Good,3.60386
EN661,13,14,L1,A,NA,NA,NA,NA,greater20,22.3545,NA,NA,1.821,"(0,1.5]",41.16186,-70.89132,Good,3.60386
EN668,1,6,L1,A,NA,NA,NA,NA,total,34.135,D1,NA,14.035,"(13.5,15]",41.19576,-70.88402,Good,16.255225
EN668,1,6,L1,A,NA,NA,NA,NA,less20,31.149,D1,NA,14.035,"(13.5,15]",41.19576,-70.88402,Good,16.255225
EN668,1,6,L1,A,NA,NA,NA,NA,less5,11.859,D1,NA,14.035,"(13.5,15]",41.19576,-70.88402,Good,16.255225
EN668,1,6,L1,A,NA,NA,NA,NA,between520,19.29,NA,NA,14.035,"(13.5,15]",41.19576,-70.88402,Good,16.255225
EN668,1,6,L1,A,NA,NA,NA,NA,greater20,2.986,NA,NA,14.035,"(13.5,15]",41.19576,-70.88402,Good,16.255225
EN668,1,12,L1,A,NA,NA,NA,NA,total,31.042,D2,NA,10.228,"(9,10.5]",41.19522,-70.88356,Good,16.58323333
EN668,1,12,L1,A,NA,NA,NA,NA,less20,25.882,D2,NA,10.228,"(9,10.5]",41.19522,-70.88356,Good,16.58323333
EN668,1,12,L1,A,NA,NA,NA,NA,less5,6.04,D2,NA,10.228,"(9,10.5]",41.19522,-70.88356,Good,16.58323333
EN668,1,12,L1,A,NA,NA,NA,NA,between520,19.842,NA,NA,10.228,"(9,10.5]",41.19522,-70.88356,Good,16.58323333
EN668,1,12,L1,A,NA,NA,NA,NA,greater20,5.16,NA,NA,10.228,"(9,10.5]",41.19522,-70.88356,Good,16.58323333
EN668,1,18,L1,A,NA,NA,NA,NA,total,30.4927,D3,1.4974,4.03,"(3,4.5]",41.19458,-70.88304,Good,19.3909
EN668,1,18,L1,A,NA,NA,NA,NA,less20,24.184,D3,NA,4.03,"(3,4.5]",41.19458,-70.88304,Good,19.3909
EN668,1,18,L1,A,NA,NA,NA,NA,less5,11.044,D3,NA,4.03,"(3,4.5]",41.19458,-70.88304,Good,19.3909
EN668,1,18,L1,A,NA,NA,NA,NA,between520,13.14,NA,NA,4.03,"(3,4.5]",41.19458,-70.88304,Good,19.3909
EN668,1,18,L1,A,NA,NA,NA,NA,greater20,6.3087,NA,NA,4.03,"(3,4.5]",41.19458,-70.88304,Good,19.3909
EN668,2,9,L2,A,NA,NA,NA,NA,total,14.459,D1,NA,21.343,"(19.5,21]",41.03138,-70.87982,Good,14.0908
EN668,2,9,L2,A,NA,NA,NA,NA,less20,8.669,D1,NA,21.343,"(19.5,21]",41.03138,-70.87982,Good,14.0908
EN668,2,9,L2,A,NA,NA,NA,NA,less5,0.373,D1,NA,21.343,"(19.5,21]",41.03138,-70.87982,Good,14.0908
EN668,2,9,L2,A,NA,NA,NA,NA,between520,8.296,NA,NA,21.343,"(19.5,21]",41.03138,-70.87982,Good,14.0908
EN668,2,9,L2,A,NA,NA,NA,NA,greater20,5.79,NA,NA,21.343,"(19.5,21]",41.03138,-70.87982,Good,14.0908
EN668,2,14,L2,A,NA,NA,NA,NA,total,17.572,D2,NA,15.292,"(13.5,15]",41.03138,-70.87958,Good,15.7637
EN668,2,14,L2,A,NA,NA,NA,NA,less20,14.664,D2,NA,15.292,"(13.5,15]",41.03138,-70.87958,Good,15.7637
EN668,2,14,L2,A,NA,NA,NA,NA,less5,4.036,D2,NA,15.292,"(13.5,15]",41.03138,-70.87958,Good,15.7637
EN668,2,14,L2,A,NA,NA,NA,NA,between520,10.628,NA,NA,15.292,"(13.5,15]",41.03138,-70.87958,Good,15.7637
EN668,2,14,L2,A,NA,NA,NA,NA,greater20,2.908,NA,NA,15.292,"(13.5,15]",41.03138,-70.87958,Good,15.7637
EN668,2,19,L2,A,NA,NA,NA,NA,total,12.2853,D3,0.1575,2.719,"(1.5,3]",41.03134,-70.87925,Good,20.5817
EN668,2,19,L2,A,NA,NA,NA,NA,less20,9.361,D3,NA,2.719,"(1.5,3]",41.03134,-70.87925,Good,20.5817
EN668,2,19,L2,A,NA,NA,NA,NA,less5,4.607,D3,NA,2.719,"(1.5,3]",41.03134,-70.87925,Good,20.5817
EN668,2,19,L2,A,NA,NA,NA,NA,between520,4.754,NA,NA,2.719,"(1.5,3]",41.03134,-70.87925,Good,20.5817
EN668,2,19,L2,A,NA,NA,NA,NA,greater20,2.9243,NA,NA,2.719,"(1.5,3]",41.03134,-70.87925,Good,20.5817
EN668,5,6,L4,A,NA,NA,NA,NA,total,1.177,D1,NA,42.899,"(40.5,42]",40.69384,-70.87934,Good,9.7816
EN668,5,6,L4,A,NA,NA,NA,NA,less20,0.678,D1,NA,42.899,"(40.5,42]",40.69384,-70.87934,Good,9.7816
EN668,5,6,L4,A,NA,NA,NA,NA,less5,0.2,D1,NA,42.899,"(40.5,42]",40.69384,-70.87934,Good,9.7816
EN668,5,6,L4,A,NA,NA,NA,NA,between520,0.478,NA,NA,42.899,"(40.5,42]",40.69384,-70.87934,Good,9.7816
EN668,5,6,L4,A,NA,NA,NA,NA,greater20,0.499,NA,NA,42.899,"(40.5,42]",40.69384,-70.87934,Good,9.7816
EN668,5,11,L4,A,NA,NA,NA,NA,total,47.686,D2,NA,30.31,"(28.5,30]",40.69368,-70.87886,Good,11.41672
EN668,5,11,L4,A,NA,NA,NA,NA,less20,28.792,D2,NA,30.31,"(28.5,30]",40.69368,-70.87886,Good,11.41672
EN668,5,11,L4,A,NA,NA,NA,NA,less5,15.156,D2,NA,30.31,"(28.5,30]",40.69368,-70.87886,Good,11.41672
EN668,5,11,L4,A,NA,NA,NA,NA,between520,13.636,NA,NA,30.31,"(28.5,30]",40.69368,-70.87886,Good,11.41672
EN668,5,11,L4,A,NA,NA,NA,NA,greater20,18.894,NA,NA,30.31,"(28.5,30]",40.69368,-70.87886,Good,11.41672
EN668,5,16,L4,A,NA,NA,NA,NA,total,14.084,D3,NA,17.129,"(16.5,18]",40.69353,-70.87848,Good,16.41235
EN668,5,16,L4,A,NA,NA,NA,NA,less20,10.22,D3,NA,17.129,"(16.5,18]",40.69353,-70.87848,Good,16.41235
EN668,5,16,L4,A,NA,NA,NA,NA,less5,4.205,D3,NA,17.129,"(16.5,18]",40.69353,-70.87848,Good,16.41235
EN668,5,16,L4,A,NA,NA,NA,NA,between520,6.015,NA,NA,17.129,"(16.5,18]",40.69353,-70.87848,Good,16.41235
EN668,5,16,L4,A,NA,NA,NA,NA,greater20,3.864,NA,NA,17.129,"(16.5,18]",40.69353,-70.87848,Good,16.41235
EN668,5,20,L4,A,NA,NA,NA,NA,total,9.9003,D4,0.6359,4.064,"(3,4.5]",40.6934,-70.87812,Good,21.3958
EN668,5,20,L4,A,NA,NA,NA,NA,less20,7.746,D4,NA,4.064,"(3,4.5]",40.6934,-70.87812,Good,21.3958
EN668,5,20,L4,A,NA,NA,NA,NA,less5,3.25,D4,NA,4.064,"(3,4.5]",40.6934,-70.87812,Good,21.3958
EN668,5,20,L4,A,NA,NA,NA,NA,between520,4.496,NA,NA,4.064,"(3,4.5]",40.6934,-70.87812,Good,21.3958
EN668,5,20,L4,A,NA,NA,NA,NA,greater20,2.1543,NA,NA,4.064,"(3,4.5]",40.6934,-70.87812,Good,21.3958
EN668,15,6,L8,A,NA,NA,NA,NA,total,0.322,D1,NA,65.414,"(64.5,66]",40.12746,-70.76796,Good,13.84443333
EN668,15,6,L8,A,NA,NA,NA,NA,less20,0.164,D1,NA,65.414,"(64.5,66]",40.12746,-70.76796,Good,13.84443333
EN668,15,6,L8,A,NA,NA,NA,NA,less5,0.019,D1,NA,65.414,"(64.5,66]",40.12746,-70.76796,Good,13.84443333
EN668,15,6,L8,A,NA,NA,NA,NA,between520,0.145,NA,NA,65.414,"(64.5,66]",40.12746,-70.76796,Good,13.84443333
EN668,15,6,L8,A,NA,NA,NA,NA,greater20,0.158,NA,NA,65.414,"(64.5,66]",40.12746,-70.76796,Good,13.84443333
EN668,15,10,L8,A,NA,NA,NA,NA,total,9.735,D2,NA,38.349,"(37.5,39]",40.126220000000004,-70.7676,Good,12.844775
EN668,15,10,L8,A,NA,NA,NA,NA,less20,5.506,D2,NA,38.349,"(37.5,39]",40.126220000000004,-70.7676,Good,12.844775
EN668,15,10,L8,A,NA,NA,NA,NA,less5,3.193,D2,NA,38.349,"(37.5,39]",40.126220000000004,-70.7676,Good,12.844775
EN668,15,10,L8,A,NA,NA,NA,NA,between520,2.313,NA,NA,38.349,"(37.5,39]",40.126220000000004,-70.7676,Good,12.844775
EN668,15,10,L8,A,NA,NA,NA,NA,greater20,4.229,NA,NA,38.349,"(37.5,39]",40.126220000000004,-70.7676,Good,12.844775
EN668,15,16,L8,A,NA,NA,NA,NA,total,10.89,D3,NA,13.755,"(12,13.5]",40.1247,-70.76694,Good,16.5086
EN668,15,16,L8,A,NA,NA,NA,NA,less20,7.895,D3,NA,13.755,"(12,13.5]",40.1247,-70.76694,Good,16.5086
EN668,15,16,L8,A,NA,NA,NA,NA,less5,4.936,D3,NA,13.755,"(12,13.5]",40.1247,-70.76694,Good,16.5086
EN668,15,16,L8,A,NA,NA,NA,NA,between520,2.959,NA,NA,13.755,"(12,13.5]",40.1247,-70.76694,Good,16.5086
EN668,15,16,L8,A,NA,NA,NA,NA,greater20,2.995,NA,NA,13.755,"(12,13.5]",40.1247,-70.76694,Good,16.5086
EN668,18,7,L6,A,NA,NA,NA,NA,total,0,D1,NA,50.542,"(49.5,51]",40.3673,-70.89175,Bad,9.893966667
EN668,18,7,L6,A,NA,NA,NA,NA,less20,0,D1,NA,50.542,"(49.5,51]",40.3673,-70.89175,Bad,9.893966667
EN668,18,7,L6,A,NA,NA,NA,NA,less5,0,D1,NA,50.542,"(49.5,51]",40.3673,-70.89175,Bad,9.893966667
EN668,18,7,L6,A,NA,NA,NA,NA,between520,0,NA,NA,50.542,"(49.5,51]",40.3673,-70.89175,Bad,9.893966667
EN668,18,7,L6,A,NA,NA,NA,NA,greater20,0,NA,NA,50.542,"(49.5,51]",40.3673,-70.89175,Bad,9.893966667
EN668,18,9,L6,A,NA,NA,NA,NA,total,38.5525,D2,2.0952,30.914,"(28.5,30]",40.36818,-70.89288,Good,11.05885
EN668,18,9,L6,A,NA,NA,NA,NA,less20,22.605,D2,NA,30.914,"(28.5,30]",40.36818,-70.89288,Good,11.05885
EN668,18,9,L6,A,NA,NA,NA,NA,less5,11.971,D2,NA,30.914,"(28.5,30]",40.36818,-70.89288,Good,11.05885
EN668,18,9,L6,A,NA,NA,NA,NA,between520,10.634,NA,NA,30.914,"(28.5,30]",40.36818,-70.89288,Good,11.05885
EN668,18,9,L6,A,NA,NA,NA,NA,greater20,15.9475,NA,NA,30.914,"(28.5,30]",40.36818,-70.89288,Good,11.05885
EN668,18,16,L6,A,NA,NA,NA,NA,total,21.67,D3,NA,17.874,"(16.5,18]",40.36866,-70.8934,Good,18.0413
EN668,18,16,L6,A,NA,NA,NA,NA,less20,13.957,D3,NA,17.874,"(16.5,18]",40.36866,-70.8934,Good,18.0413
EN668,18,16,L6,A,NA,NA,NA,NA,less5,8.429,D3,NA,17.874,"(16.5,18]",40.36866,-70.8934,Good,18.0413
EN668,18,16,L6,A,NA,NA,NA,NA,between520,5.528,NA,NA,17.874,"(16.5,18]",40.36866,-70.8934,Good,18.0413
EN668,18,16,L6,A,NA,NA,NA,NA,greater20,7.713,NA,NA,17.874,"(16.5,18]",40.36866,-70.8934,Good,18.0413
EN668,18,20,L6,A,NA,NA,NA,NA,total,3.226,D4,0.5049,3.801,"(1.5,3]",40.36918,-70.89396,Good,21.0244125
EN668,18,20,L6,A,NA,NA,NA,NA,less20,2.971,D4,NA,3.801,"(1.5,3]",40.36918,-70.89396,Good,21.0244125
EN668,18,20,L6,A,NA,NA,NA,NA,less5,1.533,D4,NA,3.801,"(1.5,3]",40.36918,-70.89396,Good,21.0244125
EN668,18,20,L6,A,NA,NA,NA,NA,between520,1.438,NA,NA,3.801,"(1.5,3]",40.36918,-70.89396,Good,21.0244125
EN668,18,20,L6,A,NA,NA,NA,NA,greater20,0.255,NA,NA,3.801,"(1.5,3]",40.36918,-70.89396,Good,21.0244125
EN687,1,5,L1,A,NA,NA,NA,NA,total,22.853,D1,NA,15.899,"(16.5,18]",41.18974,-70.87542,Good,17.03507778
EN687,1,5,L1,A,NA,NA,NA,NA,less20,16.424,D1,NA,15.899,"(16.5,18]",41.18974,-70.87542,Good,17.03507778
EN687,1,5,L1,A,NA,NA,NA,NA,less5,7.589,D1,NA,15.899,"(16.5,18]",41.18974,-70.87542,Good,17.03507778
EN687,1,5,L1,A,NA,NA,NA,NA,between520,8.835,NA,NA,15.899,"(16.5,18]",41.18974,-70.87542,Good,17.03507778
EN687,1,5,L1,A,NA,NA,NA,NA,greater20,6.429,NA,NA,15.899,"(16.5,18]",41.18974,-70.87542,Good,17.03507778
EN687,1,12,L1,A,NA,NA,NA,NA,total,47.206,D2,NA,13.391,"(12,13.5]",41.18978,-70.87481,Good,18.89848
EN687,1,12,L1,A,NA,NA,NA,NA,less20,38.19,D2,NA,13.391,"(12,13.5]",41.18978,-70.87481,Good,18.89848
EN687,1,12,L1,A,NA,NA,NA,NA,less5,17.626,D2,NA,13.391,"(12,13.5]",41.18978,-70.87481,Good,18.89848
EN687,1,12,L1,A,NA,NA,NA,NA,between520,20.564,NA,NA,13.391,"(12,13.5]",41.18978,-70.87481,Good,18.89848
EN687,1,12,L1,A,NA,NA,NA,NA,greater20,9.016,NA,NA,13.391,"(12,13.5]",41.18978,-70.87481,Good,18.89848
EN687,1,17,L1,A,NA,NA,NA,NA,total,62.3347,D3,3.2881,3.006,"(1.5,3]",41.18964,-70.87436,Good,22.43923
EN687,1,17,L1,A,NA,NA,NA,NA,less20,54.5137,D3,2.1276,3.006,"(1.5,3]",41.18964,-70.87436,Good,22.43923
EN687,1,17,L1,A,NA,NA,NA,NA,less5,18.7807,D3,1.3994,3.006,"(1.5,3]",41.18964,-70.87436,Good,22.43923
EN687,1,17,L1,A,NA,NA,NA,NA,between520,35.733,NA,NA,3.006,"(1.5,3]",41.18964,-70.87436,Good,22.43923
EN687,1,17,L1,A,NA,NA,NA,NA,greater20,7.821,NA,NA,3.006,"(1.5,3]",41.18964,-70.87436,Good,22.43923
EN687,2,7,L2,A,NA,NA,NA,NA,total,6.555,D1,NA,25.052,"(22.5,24]",41.02662,-70.88312,Good,13.059725
EN687,2,7,L2,A,NA,NA,NA,NA,less20,5.718,D1,NA,25.052,"(22.5,24]",41.02662,-70.88312,Good,13.059725
EN687,2,7,L2,A,NA,NA,NA,NA,less5,2.97,D1,NA,25.052,"(22.5,24]",41.02662,-70.88312,Good,13.059725
EN687,2,7,L2,A,NA,NA,NA,NA,between520,2.748,NA,NA,25.052,"(22.5,24]",41.02662,-70.88312,Good,13.059725
EN687,2,7,L2,A,NA,NA,NA,NA,greater20,0.837,NA,NA,25.052,"(22.5,24]",41.02662,-70.88312,Good,13.059725
EN687,2,12,L2,A,NA,NA,NA,NA,total,189.814,D2,NA,13.656,"(12,13.5]",41.0264,-70.8829,Good,13.66965
EN687,2,12,L2,A,NA,NA,NA,NA,less20,86.953,D2,NA,13.656,"(12,13.5]",41.0264,-70.8829,Good,13.66965
EN687,2,12,L2,A,NA,NA,NA,NA,less5,30.924,D2,NA,13.656,"(12,13.5]",41.0264,-70.8829,Good,13.66965
EN687,2,12,L2,A,NA,NA,NA,NA,between520,56.029,NA,NA,13.656,"(12,13.5]",41.0264,-70.8829,Good,13.66965
EN687,2,12,L2,A,NA,NA,NA,NA,greater20,102.861,NA,NA,13.656,"(12,13.5]",41.0264,-70.8829,Good,13.66965
EN687,2,18,L2,A,NA,NA,NA,NA,total,35.369,D3,0.0947,2.665,"(1.5,3]",41.02622,-70.8826,Good,21.82014
EN687,2,18,L2,A,NA,NA,NA,NA,less20,30.462,D3,NA,2.665,"(1.5,3]",41.02622,-70.8826,Good,21.82014
EN687,2,18,L2,A,NA,NA,NA,NA,less5,11.266,D3,NA,2.665,"(1.5,3]",41.02622,-70.8826,Good,21.82014
EN687,2,18,L2,A,NA,NA,NA,NA,between520,19.196,NA,NA,2.665,"(1.5,3]",41.02622,-70.8826,Good,21.82014
EN687,2,18,L2,A,NA,NA,NA,NA,greater20,4.907,NA,NA,2.665,"(1.5,3]",41.02622,-70.8826,Good,21.82014
EN687,5,6,L4,A,NA,NA,NA,NA,total,0.375,D1,NA,40.223,"(39,40.5]",40.70184,-70.88472,Good,13.2628
EN687,5,6,L4,A,NA,NA,NA,NA,less20,0.257,D1,NA,40.223,"(39,40.5]",40.70184,-70.88472,Good,13.2628
EN687,5,6,L4,A,NA,NA,NA,NA,less5,0.091,D1,NA,40.223,"(39,40.5]",40.70184,-70.88472,Good,13.2628
EN687,5,6,L4,A,NA,NA,NA,NA,between520,0.166,NA,NA,40.223,"(39,40.5]",40.70184,-70.88472,Good,13.2628
EN687,5,6,L4,A,NA,NA,NA,NA,greater20,0.118,NA,NA,40.223,"(39,40.5]",40.70184,-70.88472,Good,13.2628
EN687,5,10,L4,A,NA,NA,NA,NA,total,7.684,D2,NA,30.257,"(28.5,30]",40.70237,-70.885,Good,17.03193333
EN687,5,10,L4,A,NA,NA,NA,NA,less20,5.873,D2,NA,30.257,"(28.5,30]",40.70237,-70.885,Good,17.03193333
EN687,5,10,L4,A,NA,NA,NA,NA,less5,3.371,D2,NA,30.257,"(28.5,30]",40.70237,-70.885,Good,17.03193333
EN687,5,10,L4,A,NA,NA,NA,NA,between520,2.502,NA,NA,30.257,"(28.5,30]",40.70237,-70.885,Good,17.03193333
EN687,5,10,L4,A,NA,NA,NA,NA,greater20,1.811,NA,NA,30.257,"(28.5,30]",40.70237,-70.885,Good,17.03193333
EN687,5,13,L4,A,NA,NA,NA,NA,total,29.071,D3,NA,16.088,"(13.5,15]",40.70275,-70.88518,Good,21.23615
EN687,5,13,L4,A,NA,NA,NA,NA,less20,18.019,D3,NA,16.088,"(13.5,15]",40.70275,-70.88518,Good,21.23615
EN687,5,13,L4,A,NA,NA,NA,NA,less5,12.145,D3,NA,16.088,"(13.5,15]",40.70275,-70.88518,Good,21.23615
EN687,5,13,L4,A,NA,NA,NA,NA,between520,5.874,NA,NA,16.088,"(13.5,15]",40.70275,-70.88518,Good,21.23615
EN687,5,13,L4,A,NA,NA,NA,NA,greater20,11.052,NA,NA,16.088,"(13.5,15]",40.70275,-70.88518,Good,21.23615
EN687,5,21,L4,A,NA,NA,NA,NA,total,35.5843,D4,2.0137,2.974,"(1.5,3]",40.70338,-70.88544,Good,23.07901429
EN687,5,21,L4,A,NA,NA,NA,NA,less20,30.655,D4,NA,2.974,"(1.5,3]",40.70338,-70.88544,Good,23.07901429
EN687,5,21,L4,A,NA,NA,NA,NA,less5,10.417,D4,NA,2.974,"(1.5,3]",40.70338,-70.88544,Good,23.07901429
EN687,5,21,L4,A,NA,NA,NA,NA,between520,20.238,NA,NA,2.974,"(1.5,3]",40.70338,-70.88544,Good,23.07901429
EN687,5,21,L4,A,NA,NA,NA,NA,greater20,4.9293,NA,NA,2.974,"(1.5,3]",40.70338,-70.88544,Good,23.07901429
EN687,16,5,L8,A,NA,NA,NA,NA,total,0.467,D1,NA,53.538,"(52.5,54]",40.14402,-70.77322,Good,12.05835
EN687,16,5,L8,A,NA,NA,NA,NA,less20,0.318,D1,NA,53.538,"(52.5,54]",40.14402,-70.77322,Good,12.05835
EN687,16,5,L8,A,NA,NA,NA,NA,less5,0.173,D1,NA,53.538,"(52.5,54]",40.14402,-70.77322,Good,12.05835
EN687,16,5,L8,A,NA,NA,NA,NA,between520,0.145,NA,NA,53.538,"(52.5,54]",40.14402,-70.77322,Good,12.05835
EN687,16,5,L8,A,NA,NA,NA,NA,greater20,0.149,NA,NA,53.538,"(52.5,54]",40.14402,-70.77322,Good,12.05835
EN687,16,15,L8,A,NA,NA,NA,NA,total,21.379,D3,NA,19.218,"(18,19.5]",40.14484,-70.7736,Good,20.66808333
EN687,16,15,L8,A,NA,NA,NA,NA,less20,19.306,D3,NA,19.218,"(18,19.5]",40.14484,-70.7736,Good,20.66808333
EN687,16,15,L8,A,NA,NA,NA,NA,less5,8.009,D3,NA,19.218,"(18,19.5]",40.14484,-70.7736,Good,20.66808333
EN687,16,15,L8,A,NA,NA,NA,NA,between520,11.297,NA,NA,19.218,"(18,19.5]",40.14484,-70.7736,Good,20.66808333
EN687,16,15,L8,A,NA,NA,NA,NA,greater20,2.073,NA,NA,19.218,"(18,19.5]",40.14484,-70.7736,Good,20.66808333
EN687,16,21,L8,A,NA,NA,NA,NA,total,24.205,D4,2.2557,2.788,"(1.5,3]",40.14516,-70.77375,Good,25.36247143
EN687,16,21,L8,A,NA,NA,NA,NA,less20,22.345,D4,NA,2.788,"(1.5,3]",40.14516,-70.77375,Good,25.36247143
EN687,16,21,L8,A,NA,NA,NA,NA,less5,8.872,D4,NA,2.788,"(1.5,3]",40.14516,-70.77375,Good,25.36247143
EN687,16,21,L8,A,NA,NA,NA,NA,between520,13.473,NA,NA,2.788,"(1.5,3]",40.14516,-70.77375,Good,25.36247143
EN687,16,21,L8,A,NA,NA,NA,NA,greater20,1.86,NA,NA,2.788,"(1.5,3]",40.14516,-70.77375,Good,25.36247143
EN687,18,8,L6,A,NA,NA,NA,NA,total,11.893,D1,NA,30.265,"(28.5,30]",40.35934,-70.87896,Good,16.4492
EN687,18,8,L6,A,NA,NA,NA,NA,less20,11.461,D1,NA,30.265,"(28.5,30]",40.35934,-70.87896,Good,16.4492
EN687,18,8,L6,A,NA,NA,NA,NA,less5,3.733,D1,NA,30.265,"(28.5,30]",40.35934,-70.87896,Good,16.4492
EN687,18,8,L6,A,NA,NA,NA,NA,between520,7.728,NA,NA,30.265,"(28.5,30]",40.35934,-70.87896,Good,16.4492
EN687,18,8,L6,A,NA,NA,NA,NA,greater20,0.432,NA,NA,30.265,"(28.5,30]",40.35934,-70.87896,Good,16.4492
EN687,18,12,L6,A,NA,NA,NA,NA,total,33.368,D2,NA,19.031,"(16.5,18]",40.35916,-70.8784,Good,21.18634286
EN687,18,12,L6,A,NA,NA,NA,NA,less20,30.625,D2,NA,19.031,"(16.5,18]",40.35916,-70.8784,Good,21.18634286
EN687,18,12,L6,A,NA,NA,NA,NA,less5,21.378,D2,2.8143,19.031,"(16.5,18]",40.35916,-70.8784,Good,21.18634286
EN687,18,12,L6,A,NA,NA,NA,NA,between520,9.247,NA,NA,19.031,"(16.5,18]",40.35916,-70.8784,Good,21.18634286
EN687,18,12,L6,A,NA,NA,NA,NA,greater20,2.743,NA,NA,19.031,"(16.5,18]",40.35916,-70.8784,Good,21.18634286
EN687,18,16,L6,A,NA,NA,NA,NA,total,19.548,D3,NA,14.078,"(13.5,15]",40.35888,-70.87758,Good,22.4641
EN687,18,16,L6,A,NA,NA,NA,NA,less20,18.271,D3,NA,14.078,"(13.5,15]",40.35888,-70.87758,Good,22.4641
EN687,18,16,L6,A,NA,NA,NA,NA,less5,10.02,D3,NA,14.078,"(13.5,15]",40.35888,-70.87758,Good,22.4641
EN687,18,16,L6,A,NA,NA,NA,NA,between520,8.251,NA,NA,14.078,"(13.5,15]",40.35888,-70.87758,Good,22.4641
EN687,18,16,L6,A,NA,NA,NA,NA,greater20,1.277,NA,NA,14.078,"(13.5,15]",40.35888,-70.87758,Good,22.4641
EN687,18,22,L6,A,NA,NA,NA,NA,total,14.1157,D4,0.2831,3.167,"(1.5,3]",40.35864,-70.87691,Good,24.76821667
EN687,18,22,L6,A,NA,NA,NA,NA,less20,11.537,D4,NA,3.167,"(1.5,3]",40.35864,-70.87691,Good,24.76821667
EN687,18,22,L6,A,NA,NA,NA,NA,less5,7.124,D4,NA,3.167,"(1.5,3]",40.35864,-70.87691,Good,24.76821667
EN687,18,22,L6,A,NA,NA,NA,NA,between520,4.413,NA,NA,3.167,"(1.5,3]",40.35864,-70.87691,Good,24.76821667
EN687,18,22,L6,A,NA,NA,NA,NA,greater20,2.5787,NA,NA,3.167,"(1.5,3]",40.35864,-70.87691,Good,24.76821667
EN655,12,20,L10,A,0.12421509122843667,1.9056752854090364,0.7052211631033836,11.88908957184687,total,6.4303,D4,0.225,2.685,"(1.5,3]",39.92427,-70.89204,Good,23.9103375
EN655,12,20,L10,A,0.12421509122843667,1.9056752854090364,0.7052211631033836,11.88908957184687,less20,6.4303,D4,NA,2.685,"(1.5,3]",39.92427,-70.89204,Good,23.9103375
EN655,12,20,L10,A,0.12421509122843667,1.9056752854090364,0.7052211631033836,11.88908957184687,less5,6.4303,D4,NA,2.685,"(1.5,3]",39.92427,-70.89204,Good,23.9103375
EN655,12,20,L10,A,0.12421509122843667,1.9056752854090364,0.7052211631033836,11.88908957184687,between520,0,NA,NA,2.685,"(1.5,3]",39.92427,-70.89204,Good,23.9103375
EN655,12,20,L10,A,0.12421509122843667,1.9056752854090364,0.7052211631033836,11.88908957184687,greater20,0,NA,NA,2.685,"(1.5,3]",39.92427,-70.89204,Good,23.9103375
EN655,1,18,L1,A,NA,NA,0.4619764303752104,2.6892971594559643,total,16.8517,D3,0.2414,2.467,"(1.5,3]",41.20242,-70.88044,Good,22.24334
EN655,1,18,L1,A,NA,NA,0.4619764303752104,2.6892971594559643,less20,16.8517,D3,NA,2.467,"(1.5,3]",41.20242,-70.88044,Good,22.24334
EN655,1,18,L1,A,NA,NA,0.4619764303752104,2.6892971594559643,less5,13.783,D3,NA,2.467,"(1.5,3]",41.20242,-70.88044,Good,22.24334
EN655,1,18,L1,A,NA,NA,0.4619764303752104,2.6892971594559643,between520,3.0687,NA,NA,2.467,"(1.5,3]",41.20242,-70.88044,Good,22.24334
EN655,1,18,L1,A,NA,NA,0.4619764303752104,2.6892971594559643,greater20,0,NA,NA,2.467,"(1.5,3]",41.20242,-70.88044,Good,22.24334
EN655,7,4,L4,A,NA,NA,0.054447222151364126,4.040610178208841,total,0,D1,NA,39.711,"(37.5,39]",40.69173,-70.87974,Bad,8.359
EN655,7,4,L4,A,NA,NA,0.054447222151364126,4.040610178208841,less20,0,D1,NA,39.711,"(37.5,39]",40.69173,-70.87974,Bad,8.359
EN655,7,4,L4,A,NA,NA,0.054447222151364126,4.040610178208841,less5,0,D1,NA,39.711,"(37.5,39]",40.69173,-70.87974,Bad,8.359
EN655,7,4,L4,A,NA,NA,0.054447222151364126,4.040610178208841,between520,0,NA,NA,39.711,"(37.5,39]",40.69173,-70.87974,Bad,8.359
EN655,7,4,L4,A,NA,NA,0.054447222151364126,4.040610178208841,greater20,0,NA,NA,39.711,"(37.5,39]",40.69173,-70.87974,Bad,8.359
EN661,1,4,L1,A,NA,NA,0.019798989873223347,1.5218285836451457,total,1.287,D1,NA,17.238,"(16.5,18]",41.19829,-70.87946,Good,3.69036
EN661,1,4,L1,A,NA,NA,0.019798989873223347,1.5218285836451457,less20,1.287,D1,NA,17.238,"(16.5,18]",41.19829,-70.87946,Good,3.69036
EN661,1,4,L1,A,NA,NA,0.019798989873223347,1.5218285836451457,less5,0.115,D1,NA,17.238,"(16.5,18]",41.19829,-70.87946,Good,3.69036
EN661,1,4,L1,A,NA,NA,0.019798989873223347,1.5218285836451457,between520,1.172,NA,NA,17.238,"(16.5,18]",41.19829,-70.87946,Good,3.69036
EN661,1,4,L1,A,NA,NA,0.019798989873223347,1.5218285836451457,greater20,0,NA,NA,17.238,"(16.5,18]",41.19829,-70.87946,Good,3.69036
EN668,15,20,L8,A,NA,NA,1.0924799769332163,24.135203290251102,total,5.299,D4,0.1131,4.003,"(3,4.5]",40.12386,-70.7667,Good,23.711625
EN668,15,20,L8,A,NA,NA,1.0924799769332163,24.135203290251102,less20,3.754,D4,NA,4.003,"(3,4.5]",40.12386,-70.7667,Good,23.711625
EN668,15,20,L8,A,NA,NA,1.0924799769332163,24.135203290251102,less5,3.723,D4,NA,4.003,"(3,4.5]",40.12386,-70.7667,Good,23.711625
EN668,15,20,L8,A,NA,NA,1.0924799769332163,24.135203290251102,between520,0.031,NA,NA,4.003,"(3,4.5]",40.12386,-70.7667,Good,23.711625
EN668,15,20,L8,A,NA,NA,1.0924799769332163,24.135203290251102,greater20,1.545,NA,NA,4.003,"(3,4.5]",40.12386,-70.7667,Good,23.711625
EN687,16,11,L8,A,NA,NA,4.4144676349476155,23.558276462617687,total,21.86,D2,NA,36.124,"(34.5,36]",40.14456,-70.77352,Good,12.257675
EN687,16,11,L8,A,NA,NA,4.4144676349476155,23.558276462617687,less20,15.617,D2,NA,36.124,"(34.5,36]",40.14456,-70.77352,Good,12.257675
EN687,16,11,L8,A,NA,NA,4.4144676349476155,23.558276462617687,less5,6.437,D2,NA,36.124,"(34.5,36]",40.14456,-70.77352,Good,12.257675
EN687,16,11,L8,A,NA,NA,4.4144676349476155,23.558276462617687,between520,9.18,NA,NA,36.124,"(34.5,36]",40.14456,-70.77352,Good,12.257675
EN687,16,11,L8,A,NA,NA,4.4144676349476155,23.558276462617687,greater20,6.243,NA,NA,36.124,"(34.5,36]",40.14456,-70.77352,Good,12.257675
AT46,17,6,L2,A,NA,NA,NA,NA,total,4.466,D1,NA,27.643,"(25.5,27]",41.0268,-70.88536,Good,4.71166
AT46,17,6,L2,A,NA,NA,NA,NA,less20,2.381,D1,NA,27.643,"(25.5,27]",41.0268,-70.88536,Good,4.71166
AT46,17,6,L2,A,NA,NA,NA,NA,less5,1.292,D1,NA,27.643,"(25.5,27]",41.0268,-70.88536,Good,4.71166
AT46,17,6,L2,A,NA,NA,NA,NA,between520,1.089,NA,NA,27.643,"(25.5,27]",41.0268,-70.88536,Good,4.71166
AT46,17,6,L2,A,NA,NA,NA,NA,greater20,2.085,NA,NA,27.643,"(25.5,27]",41.0268,-70.88536,Good,4.71166
EN655,1,4,L1,A,NA,NA,NA,NA,total,12.138,D1,NA,18.303,"(16.5,18]",41.2031,-70.88034,Good,14.52242
EN655,1,4,L1,A,NA,NA,NA,NA,less20,8.495,D1,NA,18.303,"(16.5,18]",41.2031,-70.88034,Good,14.52242
EN655,1,4,L1,A,NA,NA,NA,NA,less5,8.2,D1,NA,18.303,"(16.5,18]",41.2031,-70.88034,Good,14.52242
EN655,1,4,L1,A,NA,NA,NA,NA,between520,0.295,NA,NA,18.303,"(16.5,18]",41.2031,-70.88034,Good,14.52242
EN655,1,4,L1,A,NA,NA,NA,NA,greater20,3.643,NA,NA,18.303,"(16.5,18]",41.2031,-70.88034,Good,14.52242
EN655,1,9,L1,A,NA,NA,NA,NA,total,64.912,D2,NA,12.825,"(10.5,12]",41.20252,-70.88024,Good,14.77564
EN655,1,9,L1,A,NA,NA,NA,NA,less20,27.498,D2,NA,12.825,"(10.5,12]",41.20252,-70.88024,Good,14.77564
EN655,1,9,L1,A,NA,NA,NA,NA,less5,16.747,D2,NA,12.825,"(10.5,12]",41.20252,-70.88024,Good,14.77564
EN655,1,9,L1,A,NA,NA,NA,NA,between520,10.751,NA,NA,12.825,"(10.5,12]",41.20252,-70.88024,Good,14.77564
EN655,1,9,L1,A,NA,NA,NA,NA,greater20,37.414,NA,NA,12.825,"(10.5,12]",41.20252,-70.88024,Good,14.77564
EN649,8,20,L8,A,2.738624563535499,33.56774607508119,5.029650534579913,51.43580850416642,total,13.335,D3,NA,3.657,"(1.5,3]",40.12534,-70.80068,Good,7.1782625
EN649,8,20,L8,A,2.738624563535499,33.56774607508119,5.029650534579913,51.43580850416642,less20,10.095,D3,NA,3.657,"(1.5,3]",40.12534,-70.80068,Good,7.1782625
EN649,8,20,L8,A,2.738624563535499,33.56774607508119,5.029650534579913,51.43580850416642,less5,6.222,D3,NA,3.657,"(1.5,3]",40.12534,-70.80068,Good,7.1782625
EN649,8,20,L8,A,2.738624563535499,33.56774607508119,5.029650534579913,51.43580850416642,between520,3.873,NA,NA,3.657,"(1.5,3]",40.12534,-70.80068,Good,7.1782625
EN649,8,20,L8,A,2.738624563535499,33.56774607508119,5.029650534579913,51.43580850416642,greater20,3.24,NA,NA,3.657,"(1.5,3]",40.12534,-70.80068,Good,7.1782625
